D,Jugador 1,Jugador 2,Jugador 3,Jugador 4,Gols 1,Gols 2,Gols 3,Gols 4,Local,Visitant,Guanyador
1,Antía,Elena,Pau,Víctor,1,1,2,1,2,3,Visitant
1,Víctor,Antía,Elena,Pau,0,0,0,3,0,3,Visitant
1,Víctor,Elena,Antía,Pau,0,1,1,2,1,3,Visitant
1,Pau,Víctor,Elena,Antía,1,2,0,0,3,0,Local
1,Pau,Elena,Antía,Víctor,1,1,3,0,2,3,Visitant
1,Antía,Pau,Elena,Víctor,0,3,0,0,3,0,Local
2,Víctor,Elena,Antía,Pau,1,2,1,1,3,2,Local
2,Víctor,Elena,Maider,Pau,1,0,0,3,1,3,Visitant
2,Antía,Elena,Pau,Maider,0,2,1,2,2,3,Visitant
2,Víctor,Antía,Pau,Maider,0,0,1,2,0,3,Visitant
2,Elena,Víctor,Pau,Maider,0,3,0,0,3,0,Local
2,Elena,Víctor,Antía,Maider,1,1,0,0,2,3,Visitant
2,Pau,Elena,Antía,Maider,2,1,2,0,3,2,Local
3,Rebeca,Marie,Maider,Elena,1,0,2,1,1,3,Visitant
3,Antía,Marie,Maider,Elena,1,0,2,1,1,3,Visitant
3,Rebeca,Giosue,Maider,Elena,0,2,1,2,2,3,Visitant
4,Rebeca,Antía,Maider,Elena,1,2,0,0,3,0,Local
4,Rebeca,Antía,Pau,Giosue,1,1,0,2,2,3,Visitant
4,Maider,Elena,Pau,Giosue,2,1,1,1,3,2,Local
4,Maider,Elena,Rebeca,Antía,1,1,0,3,2,3,Visitant
4,Maider,Elena,Giosue,Pau,0,2,1,2,2,3,Visitant
5,Rebeca,Antía,Maider,Víctor,0,1,1,2,1,3,Visitant
5,Rebeca,Antía,Maider,Víctor,0,2,0,3,2,3,Visitant
5,Antía,Giosue,Maider,Víctor,1,0,1,2,1,3,Visitant
5,Antía,Giosue,Maider,Víctor,2,1,0,1,3,1,Local
6,Guille,Pau,Víctor,Giosue,2,1,0,2,3,2,Local
6,Guille,Pau,Maider,Víctor,1,2,1,1,3,2,Local
6,Guille,Pau,Pablo,Maider,0,3,0,1,3,1,Local
6,Guille,Pau,Aaron,Eloi,1,2,0,1,3,1,Local
6,Guille,Pau,Maider,Víctor,0,3,0,1,3,1,Local
6,Pau,Guille,Aaron,Pablo,3,0,0,0,3,0,Local
6,Pau,Guille,Víctor,Eloi,0,1,1,2,1,3,Visitant
7,Pablo,Maider,Víctor,Eloi,2,1,1,0,3,1,Local
7,Pablo,Maider,Guille,Aaron,1,1,1,2,2,3,Visitant
7,Pau,Eloi,Guille,Aaron,2,0,0,3,2,3,Visitant
7,Pau,Víctor,Guille,Aaron,0,3,0,1,3,1,Local
8,Rebeca,Pau,Pablo,Maider,2,0,0,0,3,1,Local
8,Rebeca,Pau,Eloi,Aaron,1,2,0,1,3,1,Local
8,Rebeca,Pau,Aaron,Pablo,0,1,3,0,1,3,Visitant
8,Maider,Eloi,Pablo,Aaron,1,0,2,1,1,3,Visitant
8,Pau,Rebeca,Pablo,Aaron,1,2,1,0,3,1,Local
8,Pau,Rebeca,Maider,Eloi,2,0,2,1,2,3,Visitant
9,Maider,Antía,Pau,Pablo,0,1,1,2,1,3,Visitant
9,Maider,Antía,Pablo,Pau,1,0,1,2,1,3,Visitant
9,Maider,Antía,Pablo,Pau,0,1,0,3,1,3,Visitant
9,Pablo,Antía,Pau,Maider,1,1,0,3,2,3,Visitant
9,Pablo,Antía,Pau,Maider,0,1,0,3,1,3,Visitant
9,Antía,Pau,Pablo,Maider,0,3,0,1,3,1,Local
9,Antía,Pau,Pablo,Maider,0,3,0,0,3,0,Local
10,Rebeca,Víctor,Guille,Maider,2,1,0,0,3,0,Local
10,Rebeca,Víctor,Antía,Maider,0,1,1,2,1,3,Visitant
10,Guille,Víctor,Antía,Maider,0,3,0,0,3,0,Local
10,Guille,Víctor,Antía,Maider,0,3,0,0,3,0,Local
10,Guille,Víctor,Antía,Maider,1,2,0,1,3,1,Local
10,Guille,Víctor,Antía,Maider,2,1,0,2,3,2,Local
11,Antía,Guille,Rebeca,Pau,0,3,0,1,3,1,Local
11,Antía,Guille,Pedro,Víctor,2,1,0,1,3,1,Local
11,Antía,Guille,Pedro,Pau,1,1,2,0,2,3,Visitant
11,Antía,Guille,Pau,Víctor,0,2,0,3,2,3,Visitant
11,Pedro,Guille,Pau,Víctor,1,2,0,2,3,2,Local
11,Pedro,Guille,Antía,Luis,1,0,2,1,1,3,Visitant
11,Pau,Víctor,Antía,Luis,1,2,0,0,3,0,Local
11,Pau,Víctor,Pedro,Guille,1,2,0,0,3,0,Local
11,Pau,Víctor,Guille,Luis,1,2,0,1,3,1,Local
12,Antía,Víctor,Pau,Luis,2,1,0,2,3,2,Local
12,Antía,Víctor,Jose,Pau,1,0,0,3,1,3,Visitant
12,Maider,Luis,Jose,Pau,1,0,0,3,1,3,Visitant
12,Víctor,Antía,Jose,Pau,0,3,1,1,3,2,Local
12,Víctor,Antía,Maider,Luis,2,1,0,0,3,0,Local
12,Víctor,Antía,Jose,Pau,0,1,1,2,1,3,Visitant
12,Maider,Luis,Jose,Pau,0,3,1,0,2,1,Local
13,Dani,Giosue,Pau,Luis,2,1,0,0,3,0,Local
13,Dani,Luis,Maider,Pau,3,0,1,0,3,1,Local
13,Dani,Luis,Maider,Pau,1,0,2,1,1,3,Visitant
13,Luis,Dani,Maider,Pau,0,0,1,2,0,3,Visitant
13,Dani,Luis,Pau,Maider,1,0,2,1,1,3,Visitant
13,Dani,Luis,Pau,Maider,1,2,1,0,3,1,Local
14,Antía,Rebeca,Guille,Luis,1,1,1,2,2,3,Visitant
14,Maider,Pau,Guille,Luis,2,1,1,0,3,1,Local
14,Maider,Pau,Víctor,Giosue,1,2,2,0,3,2,Local
14,Maider,Pau,Rebeca,Antía,0,3,1,1,3,2,Local
15,Maider,Guille,Víctor,Luis,1,0,3,0,1,3,Visitant
15,Rebeca,Antía,Víctor,Luis,1,0,2,1,1,3,Visitant
15,Maider,Guille,Víctor,Luis,1,1,1,2,2,3,Visitant
15,Antía,Guille,Luis,Víctor,0,2,0,3,2,3,Visitant
16,Pedro,Maider,Luis,Pau,0,0,0,3,0,3,Visitant
16,Maider,Pedro,Luis,Pau,0,0,0,3,0,3,Visitant
16,Maider,Antía,Luis,Pau,1,0,0,3,1,3,Visitant
16,Maider,Antía,Luis,Pau,3,0,1,0,3,1,Local
16,Maider,Antía,Pedro,Luis,1,0,1,2,1,3,Visitant
16,Antía,Pau,Pedro,Luis,1,2,1,0,3,1,Local
17,Víctor,Antía,Guille,Dani,3,0,0,1,3,1,Local
17,Víctor,Antía,Pau,Luis,1,1,2,1,2,3,Visitant
17,Guille,Dani,Pau,Luis,1,0,1,2,1,3,Visitant
17,Convidat,Víctor,Pau,Luis,3,0,1,1,3,2,Local
17,Convidat,Víctor,Antía,Dani,0,1,0,3,1,3,Visitant
17,Guille,Luis,Antía,Dani,3,0,0,1,3,1,Local
17,Guille,Luis,Convidat,Pau,0,2,0,3,2,3,Visitant
17,Víctor,Dani,Convidat,Pau,2,1,0,0,3,0,Local
17,Víctor,Dani,Antía,Guille,1,0,1,2,1,3,Visitant
